Name,precision,recall,accuracy,e_sub,e_miss,e_fa,e_tot,precision_chroma,recall_chroma,accuracy_chroma,e_sub_chroma,e_miss_chroma,e_fa_chroma,e_tot_chroma
chanson_triste1.txt,0.85648408503,0.804628064243,0.709031657356,0.0269442096365,0.16842772612,0.107882502113,0.30325443787,0.856709031605,0.804839391378,0.709349972062,0.0267328825021,0.16842772612,0.107882502113,0.303043110735
chanson_triste2.txt,0.891653949994,0.768048533873,0.702487746231,0.0360970677452,0.195854398382,0.0572295247725,0.2891809909,0.911726728489,0.785338725986,0.729844014283,0.018806875632,0.195854398382,0.0572295247725,0.271890798787
