Name,precision,recall,accuracy,e_sub,e_miss,e_fa,e_tot,precision_chroma,recall_chroma,accuracy_chroma,e_sub_chroma,e_miss_chroma,e_fa_chroma,e_tot_chroma
scale-chromatic-8octaves-leg.txt,0.819470346885,0.932908704883,0.773864036633,0.0670912951168,0.0,0.138428874735,0.205520169851,0.83849309959,0.954564755839,0.80631276901,0.0454352441614,0.0,0.138428874735,0.183864118896
scale-chromatic-8octaves-stac.txt,0.291455589328,0.765749778172,0.267596899225,0.234250221828,0.0,1.62732919255,1.86157941437,0.297196892942,0.78083407276,0.274314214464,0.21916592724,0.0,1.62732919255,1.84649511979
scale-chromatic-8octaves-ten.txt,0.788735632184,0.954646633278,0.760248171948,0.0453533667223,0.0,0.210350584307,0.255703951029,0.788735632184,0.954646633278,0.760248171948,0.0453533667223,0.0,0.210350584307,0.255703951029
scale-chromatic-leg.txt,0.880657557643,0.952435927038,0.843558282209,0.0468713922882,0.000692680674209,0.0821981066728,0.129762179635,0.880871050384,0.952666820596,0.843935365105,0.0466404987301,0.000692680674209,0.0821981066728,0.129531286077
scale-chromatic-stac.txt,0.220044453425,0.939603106126,0.216975493126,0.060396893874,0.0,3.27006039689,3.33045729077,0.224691856941,0.959447799827,0.22257806245,0.0405522001726,0.0,3.27006039689,3.31061259707
scale-chromatic-ten.txt,0.900038819876,1.0,0.900038819876,0.0,0.0,0.111063187406,0.111063187406,0.900038819876,1.0,0.900038819876,0.0,0.0,0.111063187406,0.111063187406
