Name,precision,recall,accuracy,e_sub,e_miss,e_fa,e_tot,precision_chroma,recall_chroma,accuracy_chroma,e_sub_chroma,e_miss_chroma,e_fa_chroma,e_tot_chroma
minueto1.txt,1.0,0.476879098705,0.476879098705,0.0,0.523120901295,0.0,0.523120901295,1.0,0.476879098705,0.476879098705,0.0,0.523120901295,0.0,0.523120901295
minueto2.txt,0.689494886892,0.604619565217,0.475224263135,0.0663043478261,0.329076086957,0.20597826087,0.601358695652,0.703749612643,0.617119565217,0.489861949957,0.0538043478261,0.329076086957,0.20597826087,0.588858695652
